name,email,city,company name
Leanne Graham,Sincere@april.biz,Gwenborough,Romaguera-Crona
Ervin Howell,Shanna@melissa.tv,Wisokyburgh,Deckow-Crist
Clementine Bauch,Nathan@yesenia.net,McKenziehaven,Romaguera-Jacobson
Patricia Lebsack,Julianne.OConner@kory.org,South Elvis,Robel-Corkery
Chelsey Dietrich,Lucio_Hettinger@annie.ca,Roscoeview,Keebler LLC
Mrs. Dennis Schulist,Karley_Dach@jasper.info,South Christy,Considine-Lockman
Kurtis Weissnat,Telly.Hoeger@billy.biz,Howemouth,Johns Group
Nicholas Runolfsdottir V,Sherwood@rosamond.me,Aliyaview,Abernathy Group
Glenna Reichert,Chaim_McDermott@dana.io,Bartholomebury,Yost and Sons
Clementina DuBuque,Rey.Padberg@karina.biz,Lebsackbury,Hoeger LLC